Source,Scale,Classes,Samples,Test_Acc,CV_Mean,CV_Std,Overfitting
GOLD,broad_scale,38,4198,0.8107142857142857,0.8382948335817189,0.009185237712536792,0.09756445162937122
GOLD,local_scale,130,4198,0.7166666666666667,0.7415154176424668,0.008046722487733027,0.17970021838395867
GOLD,medium,72,4198,0.7154761904761905,0.7296026719182457,0.01011633512255746,0.14991987861255285
NMDC,broad_scale,18,4646,0.9193548387096774,0.9278806495028873,0.004531639840861565,0.032744192506684255
NMDC,local_scale,50,4646,0.8344086021505376,0.8441866018321539,0.0073068687853098955,0.0996602891304097
NMDC,medium,28,4646,0.8258064516129032,0.8565684742181509,0.005492649138154166,0.08807944720302785
